{
  "assetsByChunkName": {
    "vendors~app-account~app-checkout~app-confirmation~app-order": "chunk.2131fc2f1e25cf02f542.js",
    "vendors~app-account~app-confirmation~app-order": "chunk.255c2b821457fdd1a64c.js",
    "vendors~app-account~app-checkout": "chunk.723306ab501f592e0f3b.js",
    "admin": [
      "admin.87d4ae8ec14c5f8fe388.js",
      "admin.87d4ae8ec14c5f8fe388.js.map"
    ],
    "app-account": "chunk.aedf47e6b4aacd0c4976.js",
    "app-confirmation": "chunk.a91c297bf0a484c332cf.js",
    "app-order": "chunk.5fc01c073214c5788fac.js",
    "checkout": [
      "checkout.791c586055fb45b4e518.js",
      "checkout.791c586055fb45b4e518.js.map"
    ],
    "storefront": [
      "storefront.015a1f8bea88f51726e1.css",
      "storefront.cb03dbfdc4b919138241.js",
      "storefront.015a1f8bea88f51726e1.css.map",
      "storefront.cb03dbfdc4b919138241.js.map"
    ],
    "vendors~app-cart": "chunk.1252b5dc252eced37e28.js",
    "vendors~app-checkout": "chunk.2410f9fb13ef77052adb.js"
  }
}