{
  "title": "Sobre nós",
  "meta_title": "Sobre nós",
  "meta_description": "Sobre nós",
  "body": "### Femy\n\nA moda faz parte da expressão da identidade feminina. Acompanha o tempo, o contexto, se transforma seguindo os passos da sociedade. Assim como a moda, a Femy se transformou, sem perder sua essência.\n\nProduzindo roupas evangélicas desde 2001, a marca vem crescendo e amadurecendo levando para a mulher contemporânea e cheia de estilo produtos com o que há de mais novo e autêntico no mercado de moda com qualidade, diversificação e sofisticação.\n\n\n\n### Viscaya\n\nDesde 2005 atuando no mercado de moda, a Viscaya se inspira no universo de jovens meninas que se expressam através de sua feminilidade e bom gosto.\n\nA cada coleção, a marca valoriza sua identidade divertida, versátil e despretensiosamente ousada.\n\nHoje, a marca é reconhecida pela qualidade das peças, pela criatividade em design e pela excelência no atendimento.",
  "sections": [
    {
      "type": "extra-page",
      "enabled": true
    },
    {
      "type": "collection-shelf",
      "shuffle": true,
      "limit": 12,
      "page": 1,
      "sort": "news",
      "title": "Conheça alguns dos nossos Modelos"
    }
  ]
}