{
  "youtube": "https://www.youtube.com/channel/UC4vDDRP3CGGO1IJEjyWtiig",
  "facebook": "https://www.facebook.com/femyoficial",
  "phone": "",
  "doc_number": " 07.175.468/0001-66",
  "whatsapp": "(62) 98628-0526",
  "instagram": "https://www.instagram.com/femyoficial/",
  "twitter": "",
  "address": "Rua 504, Nº 499, CEP 74550-160, Goiânia, Go.",
  "tiktok": "https://www.tiktok.com/@femyoficial?lang=pt-BR",
  "pinterest": "https://br.pinterest.com/femyoficial/",
  "email": "contato@femy.com.br"
}