{
  "meta_title": "",
  "meta_description": "",
  "sections": [
    {
      "type": "banner-slider",
      "autoplay": 9000,
      "slides": [
        {
          "start": "2023-02-07T14:03:39.423Z",
          "end": "",
          "img": "/img/uploads/banner-site-ecommerce-femy-junho.png",
          "mobile_img": "/img/uploads/banner-mobile-junho.png",
          "link": "https://femy.com.br/coleco-femy-e-voce"
        },
        {
          "start": "2023-05-15T13:17:12.458Z",
          "end": "",
          "img": "/img/uploads/banner-junho.viscaya-desktop.png",
          "mobile_img": "/img/uploads/banner-viscaya-junho-mobile.png",
          "link": "https://femy.com.br/colecao-amore"
        }
      ],
      "full_width": true
    },
    {
      "type": "info-bar",
      "enabled": false
    },
    {
      "type": "collection-shelf",
      "shuffle": true,
      "collection_id": null,
      "limit": 12,
      "page": 1,
      "title": "LANÇAMENTOS DA ÚLTIMA COLEÇÃO",
      "sort": "news"
    },
    {
      "type": "collection-shelf",
      "shuffle": false,
      "limit": 24,
      "page": 1,
      "collection_id": "60490c1ba735d032cbb76319:categories:Viscaya:/viscaya",
      "sort": "news",
      "title": "A MELHOR SELEÇÃO DA VISCAYA"
    },
    {
      "type": "collection-shelf",
      "shuffle": false,
      "limit": 24,
      "page": 1,
      "collection_id": "60490c0da735d032cbb762ec:categories:Femy:/femy-moda-feminina",
      "sort": "sales",
      "title": "OS MAIS VENDIDOS DA FEMY"
    },
    {
      "type": "custom-html",
      "html": "<span style=\"display: flex; justify-content: center\">SIGA NOSSO INSTAGRAM <a href=\"https://www.instagram.com/femyoficial/\" target=\"_blank\"> @FEMYOFICIAL</a></span><div id=\"instagram-feed\" class=\"instagram_feed\"></div>\n"
    }
  ]
}